input,weight
рамка под магнитолу рено меган сценник1997года,169
игрушкидля детей5 6лет,148
духи п0льские быть может,120
матрас вегас140 200,118
samsung 55  телевизор ie55au7540uxr,118
poco x3,108
шины для автамабиля 215 70 r14,97
матрас 160x200,96
стекло самсунг а03,93
shcet c25 c32 дифавтомат,91
отрезной диск по металлу 125х2х22,89
блендер bosch msm2650b,85
зимние шины 195 75 r15,82
poco x3 pro,81
мультиварка rmc  m800s,80
195 65 r15,79
металические карнизы d19,78
шин r15 195 65 зима,73
колпаки r15,73
стальная кухонная мойка ledeme l98050 l r,71
s390 нож,70
ленолеум 4на3,67
провод ввг нг 2х4,66
автомобильные светодиодные лампы н4,62
покришка 185 65 r14 зима,60
21век сместителиеее55,60
чехлы с экокожы  шкода актавия а5,60
samsung vs15a6031r4 ev,58
шкафы ширина 110 высота230,58
оперативная память ddr3l 1600 частота,55
коляски 3 в 1 от 400до700,55
samsung galaxy a52,54
samsung galaxy a32,54
гладильная доска nika ника 9 тефлон  нт9 1  с серыми цветами,53
оперативная память ddr4,53
зимная шины 195 70r15c,52
мешки для пылесоса керхер вд3,52
матрас140 на 186 уценка,52
чехол самсунг а03,52
набор для творчества iq2  quot эбру quot ,52
пылесос samssung vs15a6031r5 ev,52
диски литой6 5 15ет45,51
смарт часы m26 pro,50
холодильник haier c2f636corg,50
hp 15 db1044ur  7gl95ea ,49
холодильник beko rcsk355,49
samsung vr05r5050wk,49
зимние шины r16c,47
a4tech bloody,47
шины 215  55r18 зимние,46
варочная понель nv68r5540c,46
poco f3,45
шины зимние 235 65r17,45
ca6903 10,45
samsung a52,45
матрас 140х186,45
205 50 r17,44
зимние шины r15,44
tl wpa7517 kit,44
лампа uf 711c01,44
стекло самсунг а02,43
игры пс4,43
зимняя шина 195 65 r15,43
покрывало 220х220,43
жалюзи горизонтальные 90х160,42
samsung ww65a4s00ce lp,42
двухкамерный холодильник samsung rb38a7b6235 wt,42
samsung a51,41
шины зимние р17 225 на 45 дорогие,41
samsung a32,41
ноутбук lenovo ideapad 3 15itl6 82h8009wre,41
купить переходную рамку на ауди а6 с5,41
шины зимние r15 195 65,40
кабель atcom at16348,40
шины зимние r16,39
добор15 беленый дуб,39
asus zenbook 14 um425ua ki156,39
шины зимние 235 65r18,39
per sound hd7,38
бумага а4,38
185 65r14,38
самсунг а51,38
смеситель рмс sl136br 017f 015,38
автомобильные коврики volvo s40,37
пленка для ламинации а3,37
спандбонд пл60,37
каробка монтажная кн1101,37
люк ревизионный 35х30,37
ффп3 респиратор 3м,36
кухонная машина bosch mum58231,36
бра st luce galio sl418 471 01,36
195 65к15,35
skad r20,34
телевизор samsung ue65,34
lg 49nano816na,34
чехол на хуавей gr3,34
стиральная машина lg f1296wds3,34
samsung galaxy a01 core ,34
холодильник haier c2f636cwrg,34
квадракоптер r16,33
195 65r15,33
samsung vr05r5050wk ev подробнее  https   m sila by bt pylesosy samsung vr05r5050wkev utm_source viber,33
телевизор самсунг м5500,33
western digital black  wd3200bekt ,33
samsung galaxy s21,33
samsung galaxy m32 128gb,33
343568  зимняя шина белшина artmotion snow бел 317 205 55r16 91t,33
штопор для вина prestigio nemi smart wine opener   pwo103sl,32
обои rush sm20,32
резина зимняя r16 225,32
samsung vr05r5050wk ev,32
кёрхер к10,32
ванна акриловая 1марка julianna 170x100 l,32
резина р16,32
fiskars x17,32
пильный диск 230x2 0x30,31
195 70r15c,31
фотобумага а4,31
вставка для детской ва6ночки,31
зимняя шина r16,31
зимняя шина nokian nordman rs2 205 55r16 94r,31
бензо генератор5кват,31
lg f2v5hs0w,31
ajazz ak33,31
xiomi mi a2,31
rowenta sf3132,31
samsung ue50tu7090uxru,31
зимняя шина r15 195 65,30
kama 175 70r13 82,30
nokian nordman rs2 215 60r16,30
samsung s21,30
рулонная штора delfa сантайм день ночь стандарт мкд dn 41021  62x160,29
новог0дние фигурки,29
ez9s16240 выкл  нагрузки easy9 2п 40а 400в,29
ламинатор а3,29
колеса205 60 16,29
телевизор samsung ue50tu7090uxru,29
226 70 r15c,29
кабель силовой кг4 1 5,29
шуруповерт bosch gsr120 li o  601 9 g800,29
samsung ue43tu8570uxru,29
зимние шины r18,29
чехол хуавей kii l21,28
увлажнитель f628p,28
отопительно варочная печь пч2,28
poco m3,28
с6к к 12,28
ваз 2108 диск r13,28
samsung galaxy a32 128gb,28
стиральные lg f1096sd3,28
диски на ps4,28
тумба с умывальном в ванную70,28
asus rog strix g15,27
светильник 2х36,27
летняя резина 185 65 р15,27
225 45 r17,27
кассеты для бритья жилет мак3,27
huawei y5,27
чехол с блестками на самсунг gelaxia03s,27
шины r16с,27
компьютер multigame 3с101d8h1im,27
шнур сетевой с13,27
молдинги на ауди 80б3,27
ravak domino 150x70,26
зимняя резина кардиант 195 65r15,26
телевизор lg 55up75006lf,26
dayson v7,26
ноутбук hp 15s fq2063ur,26
диск215 65 r 16,26
bosch hbj538yb0r,26
samsung ue50au7560u,26
душевой поддон rgw стиль pl 90x90,26
225 70 r15c,26
шины р17,25
душевые кабины niagara80 80,25
phillips hp8664,25
мультиварка аква гриль6,25
трусики памперсы для взрослых90 140,25
телевизор lg 43nano796nf,25
зима r15 green,25
зимняя шина р15,25
sodimm ddr4 16gb 2400mhz,25
провод 3х1 5,25
samsung 870 evo 250gb  mz 77e250bw ,25
wzatco c3 проектор,25
чехлы на samsung a02s,25
ддр2 на 4 гб,25
матрас 80х180,25
samsung a72,25
камера 5 00х12 для мотоблока,25
утюг filips gc3582,25
масло в авто 10 в40,25
папка портфель для бумаги а2,25
sumsung a31,25
швейные машинка сомфорт200а,25
картридж sakura 106r02773 n,25
remington s8598,25
лампа н7,24
dyson v8,24
lampo4ka   новогодняя гирлянда штора   гирлянда штора водопад 3 3   занавес водопад   гирлянда на окно,24
effect cx3,24
смарт телевизоры samsung32 дюйма,24
225 65 r17,24
ball внр р2 3,24
6903981  зимняя шина cordiant winter drive 2 195 55r16 91t,24
фабрика сна s5,24
59632 zie9,24
дибил111в 21 веке купить комбайн дл со всеми функциями резки овощей картошки взбивания коктелей и т  д ,24
телевизор самсунгue50tu7090uxru,24
samsung qe55q80aau,24
шины зимние 205 65r15,24
uniroyal 190 65r15c,24
робот пылесос samsung vr05r5050wk,23
стекло самсунг а7 2018,23
5w30 wolf,23
самсунг ao3s,23
робот пылесос samsung vr05r5050wk ev,23
шины зимние на авдио в3,23
оперативная память ddr3,23
sony xr 55x90j,23
h10 ника,23
шины r15,23
ванна акриловая kolo diuna 150x70  с ножками ,23
lg f2t5hg2s,23
антифриз g11,23
electrolux ew6f4r28b,23
телевизор samsung qe43q60tau,23
посудомоечная машина bosch sps4hmi3fr,23
кофемашина siemens eq 6 plus s100  te651209rw ,23
215 65 r16,22
osram l18w 765,22
литые диски r15 5 112,22
умные часы no 1 dt88,22
мужская сумка 0c2759k45,22
зимние шины р14 175 65,22
rf 9g1501b,22
аккумулятор для флип4,22
свеча а11 для мотоцикла,22
asus tuf r15,22
шины 165 70 r15,22
телевизор samsung ue32t5500,22
смартфон самсунг а32,22
16x6 4x100,22
портативное зарядное устройство на30000,22
строительная плита kronospan osb 3 влагостойкая  18x1250x1250 ,22
чернила hp gt51,22
мешок wd3,22
оперативная память 4гб ddr4,22
178 фт1к к 81,22
микроволновая печь самсунгmg23f302tas,22
чехол книжка редми9с,22
soni playstation2,22
185 65r15,22
beko din48430,22
редми т9,22
4k smart led телевизор lg 55 nano756,22
комплект угольных фильтров e4cf01,22
двигатель для мотоблока gx450e,22
зимняя резина 235 45 r17,22
шина r15,22
samsung ue50ru7470u,22
купить зимнюю резину шины 185 65 r15,22
чемодан march fly y104 39 63 бронза,22
картридж cl441,22
pz30 карбюраторы,22
коврик в багажник на ниссан альмера g15,22
диван лофт  в5 190 ,21
215 50r17,21
r14 зима,21
зимняя шина laufenn i fit ice lw71 215 55r16 97t,21
чехол для самсунг a03a,21
телефон самсунг а32,21
lg 43up75006lf,21
люстра sapra dl721a,21
samsung dw50r4070bb wt,21
биты ph3,21
vivo y31,21
автолампа н4,21
205 65r16c,21
игры ps4,21
taurus winter 215 50 r17,21
линолеум 3х6,21
резина белшина r16,21
bosch bgs2upwer1,21
samsung телефоны j2 prime,21
смарт часы м16,20
чехол самсунг m12,20
стиральная машина lg f2t5hg2s,20
vegas mind 140x200,20
стеллаж каби el1,20
galaxy s21,20
шины р13,20
bosch pie631fb1e,20
5744826  смартфон apple iphone 11 pro max 512gb   mwhp2  серебристый ,20
bosch msm2650b,20
шины r14,20
лак универсальный sniezka мультиспрей универсальный r3000  400мл,20
lg f1296wds3,20
225 55r17,20
samsung s20,20
кортофелесажалка н7а мотоблок мтз,20
шины 225 55r16,20
диск 125х2х22,20
moulinex hv9me740,20
r15 зима,20
лампочки н7,20
samsung qe55q70aauxru,20
dsx a212ui,19
самсунг м21 купить,19
зимняя резина r16 205 55,19
samsung galaxy s20,19
пульт lg mr19ba,19
275 50r20,19
холодильник lg ga b509psam,19
чехол айфон12,19
шина р13,19
225 50 r17,19
кухни готовые2 метра,19
смарт часы gw22,19
самсунг а32,19
r16 225 65,19
ноутбук hp250,19
наушники ps4,19
asus m509,19
радиотелефон panasonic kx tg2521rut,19
vegas 80x160,19
клавиатура gk61,19
ld oled65a1rla,19
отрезной диск лида абразив по металлу 125х2х22,19
mp3 проигрыватель,19
lenovo ideapad 3 15itl6,19
mackbook air m1,19
logitech g102,19
bosch kgn39xl27r,19
самсунг м31,19
180 55 r17,19
electrolux okd5c70x,19
гефест пг5500 020113,19
bloody q50,19
утюги утюг philips gc2998 80,19
латок для бумаги а4,19
игровой диск к ps4,19
пленка на планшет tab s7,19
шина р14 зима,19
215 50 r17,19
робот пылесос samsung vr05r5050wk ef,19
самсунг с20 фе,19
зимние шины michelin 245 40 r18,19
инфракрасный обогреватель термокварц тк300 300вт,19
холодильник бош kgn39ui27r,19
монитор philips 271v8l 00,19
планшет lenovo tab m10 fhd plus tb x606x 64gb lte za5v0083ua,19
коврики ауди80отпа,19
lg f4v5vs9b,19
масло 10w40,19
the frame qe32,19
сотейник rondell infinity 24х6 см с крышкой  rda 574 ,19
шины 195 65r15 зима,19
kerher k5,19
bosh wlp2026mbl,19
пылесос беспроводной v12 detect slim absolute,18
genesis nk 5w30,18
ванная 130х70,18
шина205 55 17,18
купить авто лампы н4 галоген,18
235 65 r16c 121 119,18
шины зимние r15,18
робот пылесос redmond rv r670s,18
коврики бмв е39,18
санки galaxy мишутка1,18
samsung vs15a6031,18
чехол на самсунг а50,18
воsch посудомойка sgv4hmx2fr,18
телевизор lg 43up77006lb,18
лампочки е27,18
r17 225 50,18
ванна 150x70 blb,18
samsung 860 evo sata 2 5 quot  ssd mz 77e250bw,18
телевизор samsung ue50au9000uxru,18
hp laser jet pro m28w мфу,18
samsung galaxy m22 128gb,18
a017 161,18
59611 zie1,18
холодильник samsung rs62r50312c wt,18
gigaset c530а,18
ниагара ng1308 90 90,18
акриловые ванны 180х70,18
шины205 15 65,18
bosch ms61b6150,18
235 55 r19,17
lenovo ideapad 15alc06,17
195 55r20 95h,17
варочная панель bosch pue611bb1e,17
пылесос samsung vcc885fh3p xev,17
samsung t5,17
185 60r15,17
телефон сенсорный самсунг j2,17
профиль 60x27x3000x0 5мм cd,17
стеллаж el1,17
1век сместителеее55,17
intel core i5 11400f,17
конструктор 2 в1,17
lomond a3 170,17
масло для авто титан gt 1 flex 23 5w3,17
масло лукойл 5w30,17
kama 175 70r13,17
индукционная варочная панель bosch pwp631bb1e,17
полотенцесушитель электрический олимп лесенка дуга ст4 500x600  правое подключение код 6 114 806,17
чехол самсунг м32,17
ssd amd radeon r5 240gb r5m240g8,17
https   www 21vek by hdd barracuda720012250gbst3250312as_seagate html,17
electrolux emm43202l,17
bosch hbf254eb0r,17
чехол поко х3 про,17
телевизор samsung ue32n4000auxru,17
190 65r15c,17
лампа светодиодная g4,17
электробритваphilips s1232,17
 quot c13t664 quot ,17
лазерный уровень3  360,16
шины 295 40 r21 зима,16
чехол samsung galaxy a5,16
tab s7,16
фен для волос филипс фен bhd177 00,16
h4 mtf,16
фоторамка 40х40,16
xperia xa2 чехол,16
телевизор lg 32lj600u,16
самсунг a22,16
asu650ss 240gt,16
метчик м16,16
беговел велосипед 2в1,16
xiaomi v10 pro,16
ирригатор xiaomi mijia meo701,16
картина декарт 8л3130,16
6 063 005 x1,16
шуруповёрт bosh gsb120,16
dfc d7005a,16
робот пылесос samsung vr05r5050wk evэ,16
лестница стремянка новая высота nv 123 алюминиевая трёхсекционная 3x6,16
lg ga b419smhl,16
холодильник lg ga b509ceqm,16
шины зима185 65,16
tefal wd170d38 вафельница,16
диски 185 60 r15,16
samsung galaxy m12,16
315 70 r22 5,16
samsung m32,16
porta s104 п22bianko,16
зимняя185 65 14 шина,16
подушка пуховая 40x60,16
daison v12,16
модель м408,16
шыны 185 65 r14 зимние,16
lg 50nano766nf,16
bosch hbf254ebor,16
multigame 3c101d8h1im5,16
метчик м9 1 25,16
osram led value b39 e14 8 вт 4000 к,16
триммер stihl fs56,16
xiomi redmi9t,16
пробойник sl5,16
чехлы для пежо308,16
dreame f9,16
p4kkf44s0 женские часы с феонитами,16
midea ag820cww w,16
samsung a5,16
buhs yf gc4,16
itel it2320,16
светильник встраиваемый точечныйвстраиваемый светильник ambrella light gx53 led g255 bk,16
плитка italon шарм лаза  600x1200,16
папка а3,16
poko x3,16
tws наушники dd9,16
смеситель eleant u20,16
зимняя шина белшина185 185 60r15,16
fc7 керхер,16
ксиоми поко м3 телефон,16
vcm k40hu,16
смартфон м22,16
леггинсы р4,16
пневмотрещотка toptul kaal1612,16
беговел трансформер 3в1,16
колодки и диски гольф3,16
воздуховод круглый пвх d125,16
самсунг а31,16
белшина 225 45r17,16
смесительдля мойки ledeme l98060r,16
чехол накладка на samsung sm j710fn ds,16
холодильник samsung rb38a7b6222 wt,16
lg adapter lcap16a e,16
шины 205 75 r17 5,16
maunfeld mwf07im,16
samsung me83arw bw,16
lg 55up75006lf,16
покрышка 26x1х3 8 велосипед арена,16
nokian hakkapeliitta r3,16
качели 2 в1 новорожденным,16
ноутбук asus zenbook 14 um425ua ki156,15
ww65a4s20ee lp,15
точечный светильник elektrostandard 2205 mr16 mt,15
lg ultragear 34gn850 b,15
lenovo ideapad 3 15alc6,15
шины205 70 15,15
шины175 70 14,15
картины размером 70 на80,15
kx tg6822,15
novo fone 9f5c,15
пылесос керхер wd3 премиум,15
кровать moon trade prima classic new 1220 к002601 180x200,15
световая фигура олень ажурный 2 8 м от производителя  код  оад2 8,15
xiaomi mi handheld pro g10,15
чехол samsung galaxy m52,15
ковры 3x4,15
холодильник lg b509cmum,15
пылесос samsung vcc885bh36 xev подробнее  https   m sila by bt pylesosy samsung vcc885bh36xev,15
настольная плита gorenje ice3500dp,15
samsung galaxy s9 ,15
logitech g102 lightsync,15
кровать bravoмебель камелия 1  160x200  дуб белый,15
набор инструментов dkmt74 set 74,15
шкаф венге ш60,15
195 55r15,15
texet tx d8405a,15
elektrostandard 2205 mr16 mt,15
фен rowenta cv7816f0,15
195 65 r15 шипы,15
шины 215 65 р16,15
osram h7,15
lg 24tn520s pz,15
energy prestige modus 800x500,15
ковер 2x3,15
каркас для ванной e5017070054,15
духовой шкаф electrolux okd5c70x,15
стиральная машина lg f2v9gw9w,15
электрическая беговая дорожка victoryfit vf x600,15
xiaomi poco m3 pro,15
кухонный стол логарт медведь 85 115x85  круглый  эмаль белая ,15
195 70 р15,15
стайлер для завивки babyliss c1600e,15
samsung galaxy m32,15
samsunng a72,15
sad m2,15
samsung vs15a6031r5 ev,15
tigar зимняя шина tigar winter 195 55r15 85h,15
матрас 160х200,15
зимная шиныumperial 195 70r15c,14
ga b499ymqz,14
sony xba a1,14
vs15a6031r4 ev,14
мешки для пылесоса fc9170,14
lg 29wn600 w,14
плёнка s21ultra,14
205 60r16,14
nexen winguard ice plus 205 55r16 91t,14
zic gft 75w85,14
hp 15s fq2063,14
модем е3372h 153,14
мфу hp m28a,14
kivi 50u710kb,14
лампы h1,14
haier c2f636,14
hsfo 3t235 wc x,14
водонагреватель es 30v a2 yaier,14
beko dis25010,14
ароматизатор спрей  нейтрализатор запахов  stop smell  fire ice огненный лёд  100 мл afs 009 avs a78843s,14
зимние шины р14,14
матрас 140х200,14
телефон realme c21y,14
gt1320r sony динамики,14
huawei p40 lite,14
pc16 001b,14
samsung ww65a4s20ee lp,14
аквафор b100 5,14
xerox pe114e,14
стиральная машина electrolux ew6f4r28b,14
ddr2 8gb,14
внутренний угол lm55,14
телевизор lg 50up77006lb,14
245 45 r17,14
ling long green max winter ice i 15 suv 235 55r19 105h,14
makita ls1219,14
blb universal 150x70,14
ксенон н1,14
робот пылесос dream f9,14
ssd m2,14
tcl c728,13
плёнка для ламинирования а4,13
камера 5 00х12,13
аква линия т п1 25 2 3 код товара 6 991532,13
lg 65up76006lc,13
pedrollo15 50  1100 вт ,13
памперсы elite soft3,13
витамин b6,13
bmw x6,13
чехол на смартфон samsung galaxy m32,13
amd phenom ii x4 970,13
стиральная машина bosch wat28640ua,13
h7 mtf,13
electrolux eer75stm,13
купить всесезонную резину 225 55 р17,13
76 9x72 6,13
ели искусственные как живые премиум180,13
фабрика сна топ 8 180x200,13
bosch pvs651fb5e,13
столешница для шкафа стола интерлиния кастило темный 26  260x60   уцененный товар ,13
пылесос dreame v11,13
gr208dt термостат,13
мясорубка электрическая молинех ме108832,13
lg ga b459mqum,13
смартфон samsung galaxy а31,13
лампа галогенная h7,13
nv68r5340rb wt,13
galaxy a52,13
резина кама14,13
xiaomi s6 pure,13
s5000 электробритва филипс,13
машинка для стрижки волос rhc bt1216 10,13
саундбар polk signa s2,13
шины зимние 195r14c,13
смартфоны samsung m31,13
ноутбук hp pavilion gaming 15 ec1089ur  15 6 quot   ips  amd ryzen 5 4600h 3 0ггц  8гб  1000гб  256гб ssd  nvidia geforce gtx 1650   4096 мб  free dos,13
чехол книжка ксяоми редми нотэ9,13
тюль 600 на300,13
телевизор харпер32,13
компьютер портативный asus g513ih hn014 au g513,13
соединитель rj45,13
чаша для мутиварки м4500,13
spr xna1210ep,13
kivi 43u600kd,13
235 45r18 98v,13
lp e6n,13
робот пылесос самсунг vr05r5050wk,13
смеситель р10,13
ssd msata netac n5m 128gb  nto1n5m 128g m3x ,13
samsung galaxy s10,13
galaxy tab a7 lite,13
самсунг а22,13
prestigio ptv32ss04z,13
самсунг q60a телевизор,13
вегас х1vegas x 1,13
tefal cy625d32,13
bosch pue611bb1e,13
аккумулятор lp e8,13
зимние шины imperial 190 70r15c,13
3в1 плойка,13
gell оперативная память ddr3l,13
холодильники lg ga b489zvtp,13
телевизор lg 43up75006lf,13
vontar x3,13
электролюкс oef5c5oz,13
hyundai hy k300  usb ,13
плёнка защитная s21  ultra,13
елевизор samsung ue65tu7090uxru,13
духовой шкаф weissgauff hgg641bgh,13
зимняя шина r15,13
лампочки h4,13
камера р15,13
робот пылесос ilife v8c,13
шины зимние r13,13
зимняя шина r14,13
235 40 r18,13
робот пылесос xiaomi mi robot vacuum mop skv4093gl  stytj01zhm ,13
самсунг а52,13
в машину легков3ю,13
экран для ванны triton ультра 170х70,13
телевизор 32le7511d,13
зарядное устройство для свинцовых тяговых аккумуляторов 48v12a h  1 8a ,13
стартер ауди 80 б3,13
cada s059 003,13
эхо е9533eu4,13
215 65  r16 зима ,13
микроволновая печь bosch fel023ms2,13
ddr3 16,13
гаппо g1002 2,13
ёль искусственная green trees барокко180,13
диски литье r14,13
литой диск r15 audi,13
lenovo ideapad 3 15alc06,13
зарядное устройство с кабелем samsung galaxy m12,13
масло lukoil 10w40,13
папка органайзер а5,13
стиральная машинка bosh serie wha222xebl,13
пг1200 с7к19,13
bosch kgn39,13
всесезонная шина 205 65r16,13
samsung a30,13
самсунг qe55q77aauxru,13
bosch smv4hcx21r,13
самсунг vs15t,13
купить ноутбук asus rog zephyrus s gx502gw xb76,13
комбо усилитель bg ma15,13
купить телевизор самсунг смарт тв82см,13
шины зимняя r15 205,13
стиральная машина lg ddf2t5hg2s,13
lg ai dd f4v5vs9b,13
кухонные весы hyundai hys kb421,13
велосипед format 1412 27 5 2021   rbkm1m37e010 m  темно красный матовый,13
225 50r17,13
xiaomi 70mai a800 4k,13
linglong greenmax winter ice i 15 suv 245 40r18 93t,13
xiaomi dreame f9,13
матрас 120х200,12
гирлянда еловая koopman хвоя 5 н022 300,12
electrolux emg48200l,12
масло 5w40,12
игровой ноутбук asus rog strix g15 g513ih hn014,12
телевизор лдж32,12
рольштооы 85х215,12
atvel r80,12
wi fi bluetooth адаптер tp link archer tx3000e,12
175 65r14,12
ugoos x3 pro,12
vivo v21e,12
kingston fury beast 2x8gb ddr4 pc4 25600,12
паровой утюг philips 5000 series dst5020 30,12
купить лампы н4 галоген,12
scarlett sc bs33e019,12
bosch hbj558ysoq,12
dlr024 6w 4200k,12
bosch wga242x6oe,12
ноутбук haier u1520sd,12
philips hr2545 daily collection,12
вертикальный пылесос deerma vc20 plus cordless vacuum cleaner,12
лампочка в патроны g4,12
xiaomi poco x3 pro,12
samsung galaxy a12 4gb 64gb,12
225 55 r17,12
ravak x01373 clickclack длинный,12
ноутбук lenovo ideapad s145 15iil  81w800sprk ,12
samsung ue55au7570u,12
зимние шины 225 55r16,12
лампочки e14,12
samsung vc24kvnjgrl ev,12
bosch smv25ex01r,12
lenovo ideacentre aio 3 24itl6,12
смартфон poco f3,12
процессор i5 8,12
коврик для мыши razer gigantus v2,12
robiton smart s100,12
гирлянда штора 3х3,12
смартфон poco x3 pro,12
toshiba canvio premium hdtw220es3aa 2tb,12
смарт часы м26 plus,12
воблер jackall tn50,12
ga b509cvqm,12
bosch bfl524mb0,12
сяоми редми10,12
kërher k4,12
профиль мебельный с16,12
215 75r16c,12
asrock n68 gs4 fx,12
delonhi kg49,12
кабель 70mai hardware kit up02 ,12
215 55r18 зима,12
летняя шина 185 65r15 tigar,12
робот пылесос ilife v5s pro  роскошное золото ,12
samsyng ue50tu7170uxru,12
asu650ss 240gt r,12
jazzway pled dl3 24w 4000k ip40 wh,12
резина 195 65r15 зима,12
полотенцесушитель водяной сунержа богема прямая 80x50   071 0220 8050,12
ноутбук asus rog strix g15 g513ih hn014,12
процессор i5,12
робот пылесос samsung vr05r5050wk ev подробнее  https   m sila by bt pylesosy samsung vr05r5050wkev utm_source viber,12
геймпад  джойстик  dual shock ps4,12
genesis armortech fd a5 b5,12
samsung sc4520,12
мр3 проигрыватели,12
asus rog strix g17,11
lg ga b509ceqm,11
варочная панель bosch pif675fc1e,11
умывальник kirovit монро 65 5x41 5,11
dreame v11,11
часы wonlex kt03,11
электробритва philips s3133 51,11
bosch smv 88td06 r,11
шуруповерт фаворит ld550 55,11
телевизор kivi 55u710kb,11
всесезонная r16,11
samsung ue32t5300auxru,11
https   www 21vek by hoods crosbylightc50gl_maunfeld html,11
lenovo tab p11,11
угольный фильтр для вытяжки e4cf01,11
чехол книжка редми9,11
ноутбук hp 15 dw1124ur 2f5q6ea,11
6368769  велосипед forward dakota 26 2 0 2020 2021   rbkw1m16e007  16 5  черный красный ,11
samsung galaxy tab a7,11
кровать тахта signal lanta 90x200,11
диски r16,11
total quartz ineo ecs 5w30,11
samsung galaxy tab s7,11
vision т600,11
штампованный диск 15 до фольксвагена б4 б,11
siemens sr61hx2ikr,11
духовой шкаф samsungnv68r1310rs,11
ultramounts um860,11
215 60 r17,11
854967  пылесос samsung vcc8876h35 xev,11
холодильник bosch kgn39xc28r,11
всесезонная шины215 60,11
ddpai mini3,11
midea m7,11
electrolux okc6p51x,11
samsung a7,11
huawei p30 lite,11
poco x3 p,11
samsung galaxy a12,11
зимняя шина r1,11
mitasu gold 0w20,11
лампочка g9,11
dlr024 хром,11
frap f24805,11
lenovo ideapad 3 15alc6 82ku007tre,11
333386  стиральная машина atlant сма 40м109 00,11
samsung ms23k3515ak,11
acer swift 3 sf314 59 32s8  nx a0meu 004 ,11
a51 samsung,11
microlife bp a100,11
tomix bc152,11
g 8 180x200,11
tab a7,11
bosch sms4hmi1fr,11
samsung mg23t5018ak bw,11
машинка для стрижки philips qc5130 15,11
mi buds m8,11
vivo v21,11
brother a80,11
cersanit sido su sido nati65 ,11
рамка а3,11
brb306054ww wt,11
185 65 r15,11
15 55r16,11
samsung galaxy a21,11
кровать тахта signal lanta 10x200,11
dbt353 makita,11
удилище lucky john c tech all in 1 perch   lj117 01,11
beko rcnk335e20vw,11
tefal quickchef hb65ld38,11
планшет самсунг s6,11
logitech m330 silent plus,11
235 50r18,11
основание под матрас 140х200,11
чехол хуавей р30 лайт,11
185 60 r15 pbvyzz,11
samsung sc5241,11
смеситель rossinka silvermix b35 34,11
автосигнализация starline a93 eco v2,11
багажник велосипедный stg mj 157   х98626,11
шины зимние r17,11
lenovo ideapad 5 pro 16ach6,11
телевизор samsung ue65au907ouxpu,11
aquasanita tesa plus sqt105111aw,11
dyson v7,11
stanley ss30,11
aeg hk65407rfb,11
villeroy amp boch squaro 180x80,10
пылес lg vc5420nhtcg,10
телевизор самсунг au9070u,10
acer aspire 3 a315 57g,10
ipad m1,10
колпак р14,10
lg 55up78006lc,10
samsung mg23f302,10
lenovo tab m10 hd,10
i2781fh aoc,10
ауди ю7 машинка,10
постельное белье150 224,10
й вой1300 ценам,10
секатор палисад срез30,10
samsung vp05r5050,10
рециркулятор бактерицидный navigator nur 01 215 g13 wh   82 381 характеристики,10
самсунг а02,10
игры на ps4,10
автомагнитгла teyes cc3,10
обеденный стол фатэль 100x60 с фотопечатью,10
искусственная елка winter time литая 180   abk06 786t  полиэтилен  180 см,10
лестница секционная s314,10
декоративный набор для зубов 3в1,10
remington s3500,10
умные часы smart watch t500,10
frap f7504,10
lenovo xiaoxin pad p11,10
ноутбук lenovo ideapad 5 pro 16ihu6 82l9004jre,10
смартфон realme 8 6gb 128gb   rmx3085  черный панк ,10
кнопочный телефон black berry q5,10
всесезонная шина r16 215 65,10
шины империал 190 70   яr15c,10
встраиваемая микроволновая печь с грилем mq7000a,10
brother fs45e,10
пылесос bosch bbs1zoo,10
электрогриль  scarlett  sc eg350e05,10
нокиан нордман rs2 зима,10
артпостель лунная соната 200х215,10
beurer ft90,10
bosch spv6hmx4mr,10
мат нагревательный heatline sq2 6 0 м2 900вт,10
casio ad e95100,10
картридж для samsung m2070,10
r16 4x100,10
bobovr z5 ru очки виртуальной реальности,10
шины зимние 185 70р14,10
полотенцесушитель электрический 50 80 д7,10
зарядная станция ps4,10
lenovo pad p11,10
чехол книжка для ксиоми редми8,10
бмв е39 коврики в салон,10
электрический духовой шкаф hansa boei69471 подробнее  https   m sila,10
lg ga b509psam,10
sony xperia xa1 plus  g3412 ,10
lenovo lp40,10
комплект батареек mirex r03  aaa    lr03 m10  10шт ,10
постельное150 224,10
удилище lucky john progress jig v2 17 2 11   ljpj2 6112mlmf,10
посудомоечная маши5а,10
зимняя резина 185 60r15,10
зарядное устройство сетевое xiaomi mi 20w charger type c bhr4927gl ad201eu,10
аквафор в16,10
шины тойо s954 255 50r19,10
волат75а аккумулятор,10
вертикальный пылесос deerma vc20 plus,10
m52 5g,10
стол письменный ¹¹¹э1,10
зимние шины 245 70 r16,10
саундбар lg sn8y,10
шины nitto 255 50r19,10
sony kdl 32w706b,10
agu n3,10
стиральная машина haier hw100 b14876,10
jbl go3,10
club4 корм для кошек,10
шина зимная uniroyal 190 65r15c,10
6163402  грузовая шина белшина бел 310 11 00r20 146 143k нс16 ведущая,10
vr05r5050wk ev,10
входная дверь промет марс 6 96x205,10
asus tuf gaming f15,10
резина зимняя165 70 r13,10
casio gma s140nc 5a2,10
удилище mifine guangwei pole   bk600,10
fashun a4515 2,10
1 утюги утюг philips gc2998 ,10
купить всесезонные шины 185 65 r15,10
шины летние 225 50r17,10
шины зимние nokian 205 55 r15,10
компоессор еланд70 2св,10
материнская плата msi mag b560m mortar,10
увлажнитель воздуха еlektrolux enu5010d,10
каталка дет полесье supep kar6,10
эпилятор braun silk epil5,10
чехол на гоупро херо5,10
игровой ноутбук asus rog strix g15 g513,10
galaxy m32,10
sony mdr xb50ap,10
смартфон xiaomi mi10t,10
huawei matebook d 14  nbll wdq9 ,10
lg steam f12b8wds7,10
matador 205 55r16,10
bosch mum58231,10
кёрхер вош act40 13,10
батарейка camelion lr 6 plus alkaline sp 4   lr6 sp4,10
шина 185 70 р14 зима,10
шины r16 215 65,10
lg steam f12138wds7,10
утюг tefal turbo pro fv5677e0,10
самсунг а12,10
матрас vegas м1,10
бензопила штиль180,10
bosh bgs1u1805,10
зимние шины r14,10
samsung galaxy a21s,10
мышь х7a4tech,10
lg ga b419 swjl,10
аква линия т п1 25 2 3 код товара 6 991532 карниз для ванны,10
аквафор а5,10
шины зимние r14,10
235 40r18,10
аккумулятор samsung j3 2016,10
galaxy a51,10
клавиатура logitech k280e,10
блендер braun multiquick 3 vario mq3135bk,10
масло 10w40 shell,10
клей столярный д3,10
ld 55 un70,10
проектор dld e500,10
очки вертуалиной0 рялинасть,10
5859en1001b помпа для стиральной машины lg,10
r16 185 75,10
r17 225,10
audix adx10flp,10
осб3 влагостойкас,10
lg sl10y,10
чехол самсунг галакси м12,10
шины 235 65 r16c,10
электрический духовой шкаф bosch hbg557nw0r,10
asus vivobook 15 x5,10
шина 205 55 r16,10
иммобилайзер starline a93,10
6264607  сменные кассеты gillette mach3 turbo red  8шт ,10
во2501к47 вытяжка,10
ультразвуковой увлажнитель воздуха deerma dem f600,10
мешки wd3,10
машинкп для стрижки hc5610,10
чехол на телефон хонор50,10
блендер bosch msm2650,10
tefal rk905a32,10
atf z1,10
лестница alumet p3,10
185 65r14,10
обои бельгия uv1202,10
чехол на zte blade v30,10
защита двигателя на пассат б5,10
угольный фильтр cf140c,10
адаптер пс4,10
ванна 150x70 blb польша,10
samsung sc20m2560jp ev,10
зимние r15с,10
спиннинг dragon finesse jig s762xf 228   20 07 228,10
a4tech g500,10
zalman n4,10
компьютер multigame 3c101d8h1im5,10
пистолет подкачки f stg05,10
стиральная машина hair hw80 bp14979,10
вертикальный пылесос kitfort kt510,10
летняя резина 205 65 r15,10
фотоаппараты sony a6600,10
наушники gaming headset hgk34l,10
lg f2h5hs6w,10
автоколпоки на колеса14,10
ингалятор omron compair ne c28 plus  ne c28p ru ,10
ноутбук lenovo ideapad 3 15itl6 82h800ggre,10
зимняя шина delinte r14,10
345216  зимняя шина viatti brina v 521 195 65r15 91t,10
кастрюли от 10до12 литров,10
лампочки e14 40 вт,10
toyo 245 45 r18,10
смарт часы ak y68,10
односпальная кровать детская славянская столица д 34203 70 1646х900х650,10
citilux cl737,10
робот пылесос xiaomi mi robot vacuum mop ru  skv4093gl ,10
кухонный комбайн мсм3501м,10
подставка под телефон поко м3,10
samsung qe55q780aauxru,10
samsung galaxy a03s 3gb 32gb  белый ,10
телевизор horizont 24le5511d черный,10
samsung a10 смартфон,10
190 55 r17,10
сиденье для унитаза kolo rekord k93100000,10
blender bosch msm2650b,10
rb640b батарея,10
телевизор lg 43lj610v код,10
золотые серьги славия артикул20355а 4,10
планшет lenovo tab m10 hd  2nd gen  lte tb x306x 4 64gb,10
samsung a12,10
ps5 приставка,10
зимняя резина r12,10
коврик защитный 120х90,10
белшина р15,10
lдушевая система w3501,10
наматрасник 155х200х5,10
стол писменный я2,10
посудомоечная машина hotpoint ariston hio 3c23 wf,10
xiaomi poco x3,10
дозатор для моющих средств ledeme l405f   l405h   l405k,10
ld55 nano756,10
haier c2f636cwrg,10
рулонная штора 130x170,10
eni 10w40 20,10
строительный фен deko hg2000w,10
lenovo tab m10 hd 2nd gen tb x306f 4gb 64gb za6w0128ua,10
дюбель 10x62,10
робот пылесос кайвел е31,10
блок питания r510,10
стул polly gts pl55,10
eplutus d40 4g wi fi android,10
remington s8500,10
p21 5w,10
телевизор skyworth 50g3a samsung,10
наушники logitech g435,10
лампа h1,10
щмп 2 0 у1 ip65 garant iek,10
samsung wf8590nlwsdylp,10
samsung galaxy a02,10
картридж samsung ml2010,10
tp link archer c24,10
ауди а8 д3,10
табло для аппарато для дав3,10
оплетка на руль фольгсваген гольф4,10
philips gc5039 30 azur elite,10
пароочеститель kifort903,10
kivi 32f710kw,10
фен xiaomi mi ionic hair dryer cmj01lx3  международная версия ,10
игровой ноутбук acer nitro 5 an517 52 59l8,10
светодиодная мишура koopman ax9502070,10
asus tuf gaming f15 fx506heb hn187,10
махровые полотенца 140х70 100  хлопок,9
asus tuf gaming f17 fx706he hx043 обзор,9
каляски 2в1,9
bravoмебель камелия 1  160x200 ,9
kingston fury impact 2x8gb,9
6162758  дымоход для котла ferroli 60х100 680,9
картридж аквафор в8,9
p4kkf44s0 часы с феонитами,9
bosch serie 2 kgn39uw25r,9
удалитель краски aps m10,9
anycast m9 plus,9
ddr3l patriot psd34g1600l2s,9
xiaomi mi aiot router ac2350,9
микрофон boya by m1 pro,9
lenovo m10 fhd plus tb x606f 64gb za5t0080ua,9
haylou gt2s,9
электросамокат kuggus3,9
ezviz c6cn cs,9
дайсон v7,9
фен для волос reminghton d5000,9
а72 самсунг,9
8gb ddr4,9
dyson v12,9
бокс для накопителей 2 5 quot  ugreen us221 50743,9
gigaset a415,9
fx706hcb hx114,9
сма xiaomi poco x3 pro,9
tp link deco e4  2 шт  ,9
ceramalux n9026b,9
модель умывальникаcersanit erica 60  s um eri60 1 w ,9
huawei p30,9
remeza сб4 с 50 lb30а,9
https   catalog onliner by refrigerator indesit its4180s,9
телевизор supra stv lc39st0075w,9
ноутбук hp 15s fq2057ur 426a1ea,9
мышь м325,9
intel core i3 10100f,9
унитаз cersanit iva011,9
фильтр а500 освежитель воздуха,9
moon trade elaina 1223 к002702 200x180,9
lg oled65c14lb,9
игравой ноутбук асус rog strix g15 513ih nh014,9
клапан регулирующий 3 х ходовой  разделяющий потоки  dn100  kvs 160 м3 ч  привод 220 в  с функцией защит от замо  раживания ,9
кровать трия брауни120 200,9
bosch ms 62b6190,9
ssd kingston kc3000,9
гефест пг5504 04 0244,9
нафтан 5w30,9
bosch smv44kx00r,9
телевизоры24дюйма с вайфаем,9
hp 15s fq2063ur  3y1s7ea  ноутбук,9
зарядное устройство для аккумуляторов gp pb420gs,9
канал 200х60,9
x91029 rgb,9
батарейка fanso cr123a,9
proma r16,9
mp3 плеер,9
шина 205 55 r16 94t,9
blaupunkt 50un965,9
candy cs4 1052d3 2 by,9
утюг philips gc4901 10,9
шины r17,9
samsung a52s,9
lp4 to 6 pin pci,9
samsung a50,9
midea ag720c4e w,9
самсунг гелаксим31s,9
https   www 21vek by cooker_hood_accessories cf110_maunfeld html,9
холодильник lg doorcooling ga b459mmqm,9
досточки для лепки пластилин6ом,9
braun ht5010bk,9
aeg bs18c2bl li 402c,9
lg evo max dc09rh,9
кровать мебельград рино 160x200,9
https   e 21vek by u nrd php p ci8pg7s3sa_3457219_5428444_ 2_1,9
acer ed273upbmiipx,9
aeg ikr64441fb,9
sinotex ninja radeon r7 350 2gb gddr5 ahr735025f,9
samsung galaxy a32 sm a325f ds 4gb 128gb  черный ,9
general climate ny17lf,9
умные часы canyon cns sw78pp,9
midea mfd45s700x,9
samsung ue43au7160u,9
samsung a71 8 128,9
mag ch130 i repeltek fabric,9
щиток приборов а6 с5,9
scarlett sc ah986e15,9
наматрасник ортопедически той код6391972,9
гигиенический душ ledeme ld5398 6,9
nokian wr d4,9
телевизор samsung ue43tu7170uxru,9
ника внт7,9
lg steam f1296hds3,9
sony srs xb31,9
b54645 макита,9
philips gc5033 80 azur elite,9
ibanez rg421hpfm,9
lenovo tab m8,9
клавиатура asus k53s,9
телескопическая штанга 4 5м для о рт18ас опрыскивателя,9
электрический духовой шкаф bosch hbg557sw0r,9
lg mw23r35gib,9
зимняя шина barum snovanis 3 195 70r15c 104 102r,9
шпилька м12 резьбовая,9
зимние шины р16,9
lg f 10b8md,9
hailou w1,9
шины 195 r14c,9
термостат для климатической техники auraton tucana set  r25 rt ,9
siemens eq 6 plus s100 te651209rw,9
blaupunkt bn40f1132eeb,9
настольная лампа tdm sq0337 0037,9
ковёр размер 3х4,9
samsung brb306054ww wt,9
стул stool group frankfurt new   y863  белый деревянные ножки ,9
bosch wha122xebl,9
samsung ms23k3614a,9
deerma xiaomi dem f600,9
зима r15,9
samsung qe65q80aau,9
чехол для хонор8х,9
asus tuf gaming z590 plus wifi,9
ceresit in46,9
шины r15 185 65,9
чехол для планшета lenovo tab 10 x306,9
stagg c440m red,9
ковер 200x300,9
s21 ultra,9
215 70r15c,9
колпак диски r16,9
iphone13 pro,9
bosch msm66150ru,9
huawei y9s,9
dlr024 6w 4200k   светильник светодиодный стационарный черный хром,9
bosch wtx87kh1oe,9
чехол htc u11 plus,9
camry cr4623,9
realmi c25s,9
фото бумага perfeo a4 108 gm 500 листов матовая,9
штампованный диск тзск lada vesta 16x6 5 quot  4x100мм dia 60 1мм et 50мм silver,9
бензокоса patriot pt3555es country  неразборная штанга ,9
кулер ecotronic v21 le,9
nokia nordman sz2,9
makita df333dyx14,9
hp laserjet pro mfp m28a  w2g54a ,9
candy css4 1072d3 2 by,9
тв приставка mecool km9pro,9
белшина 205 55 r16,9
фильтр для тёр фильтр в аквариум от 7 литровариум а от5л,9
scarlett sc ah986e10,9
samsung galaxy a72,9
набор колпаков r14,9
игровой ноутбук asus rog zephyrus s17 gx703hr kf047,8
светильник подвесной vitaluce v4872 8 1s,8
6941769  смартфон apple iphone 13 128gb   mlp13  голубой ,8
philips gc4595 40,8
onkron g80b,8
4к smart led телевизор lg 55 nano756,8
samsung a03s,8
газовый духовой шкаф gefest дгэ 601 01 н1,8
185 65 r14 86t,8
dw50r4070bb wt,8
elektrostandard dlr024,8
lg 55up76006lc,8
резина р15,8
at lp60xbt,8
lg 43un68006la,8
rmc fm91 мультиварка,8
лампа f36w t8,8
стиральная машина lg f4m5ts3w,8
пленка для ламинирования а3,8
казан узбекский wok с крышкой сковородкой vendor code  t405cp,8
ника м2,8
dell s2522hg,8
ноутбук asus vivobook 15 k513ea bq758,8
bosch smv2hmx2fr,8
ugreen av142 30632,8
телевизор kivi 43u710kb,8
bmw e39 магнитола,8
scarlett sc si30k25p,8
пылесос вертикальный samsung vs15a6031r4 ev,8
ноутбук lenovo ideapad 5 15itl05 82fg00q8re,8
mod096cl 05ch,8
mp3 плэер,8
ar ip502p 63 mz starlight,8
nokian nordman 8 185 65r15 92t,8
а32 самсунг,8
roidmi x20,8
фильтровальный пакет nt65 2,8
6425392  телевизор lg 43lm5777plc,8
наматрасник 80х198,8
телевизор samsung qe65qn87aauxru,8
сиденье для унитаза santek алькор 1wh301806,8
poco m3 pro,8
блендер bosch ms61b6150,8
газоэлектрическая плита hansa fcmx59229,8
пылесос lg vk76a02rndb,8
смартфон apple iphone 11 pro max 512gb   mwhp2  серебристый ,8
корпус zalman z8,8
andis d8,8
6242762  матрас территория сна бруно 02 180x186,8
угольный фильтр e4cf01,8
санки детские ника nikki 3   n3 з,8
rf ta820011,8
пылесос samsung vs15a6031r4ev,8
респиратор3m 6000,8
samsung m5,8
195 65r16,8
panasonic nn st27hmzpe,8
умные часы smart watch series 6 подробнее  https   retailgroup by p165927668 umnye chasy smart html,8
аквафор b100,8
hansa boei683020,8
atemi a1,8
электробритва braun series 5 50 w1000s,8
gigabyte g27qc,8
зимняя шина 185 65r14,8
пугв 1х0 75,8
476171  холодильник с морозильником beko csmv5335mc0s,8
um425ua ki156,8
candy chw6br4wx,8
lg 55nano966pa,8
духовой шкаф bosch hbf214bw0r,8
realme c21,8
dell p2314h,8
bloody q135,8
babyliss pro bab2280,8
bosch mfw3x10w,8
ar ip502p 63,8
mp3 плеер texet,8
qx58810 шахматы 3 в 1  игровая магнитная доска  шахматы  шашки  нарды   32х32 см,8
шины тойо s954,8
intel core i5,8
робот пылесос xiaomi mijia 2c sweeping vacuum cleaner stytj03zhm  ,8
шина r13,8
шины зимние 205 55 r15,8
dlr024 6w 4200k хром,8
pc3 12800s,8
синтезатор casio ct s100,8
игра nhl 22 для ps4,8
мультипекарь redmond redmond rmb m614,8
шины империал 190 70 r15c,8
стул halmar k214,8
картриджи для принтера canon mg3680,8
кровать140 200,8
centurion s9,8
gillette fusion5 proglide power,8
indesit ifw6530,8
huawei y5p,8
колпаки r15 черные,8
epson l805,8
bosch hbf134esor,8
микроволновая печь toshiba mw mg20p bk,8
braun is7144bk,8
lg f1096nd3,8
стилус samsung s pen для galaxy tab s7  s7,8
телевизор lg 24tn520s pz,8
samsung a22,8
lg sl10,8
samsung wd80t554cbx lp,8
10 шт   настенные крючки из цинкового сплава  30 х12х22 мм,8
kenwood prospero  khc29 w0si,8
sm a127f,8
ybn s410,8
jbl flip4,8
barbie bmr1959,8
aeg fsr52917z,8
сcа led 143 36w 595х595х29 opal  4000к,8
ghjdjl cbjjq3х2 5,8
сплит система electrolux eacs i 12 hm n8_19y,8
samsung ue32t5300au,8
шины 185 r14c 102 100q,8
hp 14s fq0085ur 3bl9ea ,8
мультипекарь redmond rmb m613,8
стул титан для душа0х99,8
samsung nv68a,8
ноутбук honor magicbook x15 i3  серый космос ,8
bel 227 205 60r16 92h,8
духовой шкаф bosch hbf254eb0r,8
dreame d9,8
bosch smi88ts00r,8
triton фьюжн а1,8
люлька модуль для коляски mutsy i2,8
шины 235 на55 r17 лето,8
саундбар lg sl5y,8
резина r14,8
электрический духовой шкаф hansa boei69471,8
215 75r16 roadstone winguard winspike suv 115 112q,8
lg f2m5ns3w,8
175 55 r15,8
дверь с2,8
gt1320r sony,8
poco х3,8
185 70r14,8
6795286  холодильник с морозильником samsung rb30n4020dx wt,8
goodyear cargo ultragrip 2 235 65r16c 115 113r,8
logitech professional presenter r700,8
мышь logitech м185,8
ручка дверная  quot vettore quot  r21 180,8
кухонная вытяжка elica lane bl mat a 52 prf0165830,8
linglong greenmax winter ice i 15 suv 235 55r18 100t,8
ноутбук lenovo ideapad 3 15alc6 82ku00cure,8
зимняя шина 225 60r18,8
клавиатура мышь a4tech fstyler f1010,8
lenovo tab m10,8
contitech 6pk1733,8
225 65r18,8
samsung ue43au8040uxru,8
картридж hp 650 cz101a,8
asus rog strix g15 g513ic hn003,8
asus x53u,8
philips qc5115,8
bmw e39,8
samsung vr05r5050wk ev подробнее  https   m sila by bt pylesosy samsung vr05r5050wkev utm_source viber utm_medium vsend utm_campaign black_friday_18_3,8
d link dmc 920t b1a,8
samsung dv90t5240at lp,8
жк телевизор samsung ue55au7540uxru подробнее  https   m sila by av televizory samsung ue55au7540uxru,8
масло 5w30,8
матрас vegas f3,8
вертикальный пылесос джим и h8,8
samsung tab a7,8
matador 205 55 r16,7
samsung ue50au9070uxru,7
lg f12,7
pioneer mvx s100ub,7
монитор lg 22mk430h b,7
робот пылесос i laif v5s pro,7
моторное масло wolf ecotech 0w20 sp rc g6 fe   16153 5  5л ,7
ноутбук hp i7,7
мфу canon pixma g2420,7
f36w t8,7
xiaomi roborock s7,7
realmi c21y стекло,7
r16  195 60зимние,7
масляный фильтр ox188d,7
бумага для даминирования а3,7
ковер на пол 160 на300,7
айфон12 мини,7
acet nitro 5 an515 15,7
зимняя резина roadstone euro win 800 185r14c102 100r,7
asus rog strix g15 g513ih hn014,7
alcatel s230 duo ru,7
покрышка gst 57 590 26x1 3 8 велосипед арена,7
диски 7 5j17ет29 4х108,7
шыны зимние р13,7
honor earbuds2lite,7
uniroyal195 65r15c,7
бизнес ноутбук hp i5,7
гайка м10x1 25,7
ноутбук lenovo v340 17iwl  81rg000aua ,7
тумба под умывальник cersanit como 40  s um com40 1 w ,7
hp pavilion 15 eg0055ur,7
xiaomi dreame v11,7
чехол lenovo tab m10 tb x306x,7
телевизор  lg  49sm8050plc,7
электрическая зубная щетка oral b smart4,7
samsung vs15t7031r4 ev,7
bosch serie   4 perfectcare wlp2026mbl,7
накладки на крыло бмв е36,7
провод пвс 2х6,7
мотоблок угра нмб 1н7,7
фен щетка babyliss as136e,7
стир маш lg f1096nd3,7
обложки для переплета картон  quot кожа quot  а4 синие,7
телевизор lg 55un80006la,7
дрель шуруповерт makita df0300,7
шины toyo 255 50r19,7
акустика40 794,7
умывальник с тумбой75см,7
скатерть  quot доляна quot  christmas mood 146х220см  100 хл  рогожка 164 г м2 4980241,7
electrolux ees948300l,7
диски r15 ford mondeo 3,7
hp pavilion x360 стилус,7
зимние на 205 60 r16,7
хуавэйy9 и защитное стекло для телефона hyavei y9,7
пускозарядное устройство т4000,7
мультиварка скороварка redmond rmc pm380,7
сэндвичница moulinex sm1540  1541,7
гирлянда ax9502650,7
dht s316,7
игровой ноутбук asus rog strix g15 g713ih hx007,7
продавец super hit by накладные зубы snap on smile  улучшенная модель  съемные виниры код  ge mi0108,7
наушники w12,7
электрогриль код691 693,7
ilife vкофемашина80,7
354413  бумага svetocopy a4   55891  80 г м2  500л ,7
lenovo ideapad gaming 3 15imh05,7
телефон филипс д600,7
https   e 21vek by u nrd php p af6rjnflbf_3418286_5428444_ 2_1 amp ems_l 7014931 amp l uggcft  jjjjbairxjol qevaxjner synfulpbybefwaabdlyhzvanepjugzys,7
тв жк lg 55up75006lf,7
arm media lcd t04,7
утюг scarlett sc si30k25,7
панель пвх листовая grace самоклеющаяся кирпич белый  700x770мм,7
люстра dl721,7
lg steam f4m5vs6w,7
дегидратор oberhof fruchttrockner c72 ,7
satechi st ucsma3m,7
1 утюги утюг philips gc2998 80,7
зимняя шинаuniroyal195 65r15c,7
смартфон а30,7
холодильник beko cskdn66335,7
samsung ue32t4510auxru,7
стентов2 фатоабои,7
фильтры b510,7
samsung galaxy tab s3,7
самсунг галакси а50,7
ноутбук hp i3,7
компьютер портативный asus g513ih hn014au g513,7
гравёр mekkan mk82701,7
шины 225 75 r16c,7
тумба с умывальником санитамебель камелия 62 д2 сити 50 premium,7
полотенцесушитель granula классик  дуга  боковое подключение 50х60,7
зимняя шина 195 65 r15c,7
ноутбук hp 15s eq1251ur 2p0g8ea,7
ag3   smartbuy  10 штук  sbbb ag3 10b,7
корзинакорзина plast team seoul pt1323пд 5  пудровый ,7
чехол на самсунг galaxy a32,7
дрель шуруповерт bosch gsr 120 li professional 06019g8000  с 2 мя акб  кейс ,7
samsung galaxy a41,7
ноутбук hp i5,7
подкрылки ади 80 в4,7
samsung vr 30f80313w ev пылесос,7
картридж для hp laserjet pro 400 m401dn,7
i laif v5s pro,7
динамики в ауди а3,7
душевая система g2,7
телевизор samsung qe55qn87aau,7
sony a7,7
hp i7,7
керамогранит 600х600,7
лазерный картридж для hp laserjet 500 color m551,7
hyundai premium dpf diesel 5 w30,7
тетрадь а4,7
милбресы т3 размер6,7
гриф для штанги mb barbell d51 20кг,7
зимние шины 205 65r15,7
пылесос wd3,7
робот для уборки пола xiaomi mijia lds sweeping robot stytj02ym,7
робот пылесосi laif v5s pro,7
кейс для арпотсов2,7
шины 195 65 r15,7
xiaomi midrive d02 70mai dash cam pro,7
ноутбук hp gaming pavilion 15 dk1009ur  10b17ea ,7
eken h9r,7
а140048 воздушный фильтр,7
матрас плитекс юниор плюс 60x119  8 см ,7
bmw f34 коврики,7
samsung galaxy a03s 3gb 32g,7
смартфон samsung a02,7
lg hg2s,7
bosh serie wha222xebl,7
рамка 50х70,7
блендер бош msm2650m,7
a4tech bloody v8,7
lg f2v5hg0w,7
чехлы на телефон realmi6i,7
для ламинироаания а4,7
kugo m2,7
iboto х420gw smart,7
душевая кабина 80х80,7
5769239  стиральная машина lg steam f4m5vs6w,7
ракетка для большого тенниса relmax pro o200,7
r15 бешина,7
galaxy s10,7
зимняя шина 185 65 r14,7
би ксинон н4,7
постельное150 162,7
ll5936b 21,7
матрас 80х200,7
hp i3,7
215 65 р16,7
угольный фильтр  тип cf140c   2 шт ,7
пылесос dreame v12 pro,7
аком 75а800аш,7
картридж для hp laserjet pro mfp m426dw,7
xiaomi poco m3pro,7
карта пополнения пс4,7
фильтр питьевой воды honeywell fk06 1 1 4 аа,7
бинокль 12х45,7
бмв е39 магнитола,7
стиральная машина lg f1096mds0,7
чехол на телефон самсунга51,7
зимняя шина premiorri r14,7
картридж 106r02773,7
canon pixma mg2540s,7
консоль ps4,7
набор ламп etp t8 led 10w 75lm g13 4000k 600mm,7
ld55 un70,7
лампа т8,7
наушники для ps4,7
шины r13 175 60 зима,7
дегидратор oberhof fruchttrockner c72,7
шина нк 242 205 70r15,7
lg mw23r35gih,7
bloody w60,7
gesslein s5,7
huawei p30 lite стекло,7
качели  стульчик 2в1,7
samsung rb36t674,7
samsung vs15t7031r1 ev,7
мультиметр gv119,7
диски на пс4,7
игровой ноутбук asus fx516pe hn001,7
смартфон самсунг гэлэкси а32,7
лукоил 5w40,7
шина r13 зимняя,7
голубая бумага а4,7
утюг филипс gs1758,7
комплекты ковриков для авто фольксваген пассат б5,7
10w40 shell,7
ledeme l1055 24,7
матрац 200х90,7
16x 4x100,7
смартфон ulefone armor x6,7
кофемашина eq 6 plus100,7
телевизор samsung32,7
contilcecontact 205 55r16 94t,7
фильтр brita p900,7
пеленки одноразовые 60х90,7
волат75а800а аккумулятор,7
турник 3в1,7
logitech g703,7
отпариватель керхер sc1,7
delonghi ecam23 460,7
sony a7 3,7
сменные кассеты gillette mach3,7
ноутбук huawei matebook d 15 boh waq9r,7
lp e8,7
atlant сма 60у1214 01,7
самокат sundays kb05b 1,7
brayer br1302,7
striker p20,7
леново в590,7
лампа линза h4,7
колпоки р15,7
синтезатор casio ct s300,7
nt156whm n42,7
asrock b450 pro4 r2 0,7
kercher k4 мойка высокого давления,7
адаптер заклепочник rf6786,7
самсунг а127 телефон,7
процессор intel core i5 10400f,7
утюг philips dst503031 30  подробнее  https   m sila by bt utyugi philips dst5031_dst503130,7
i3 10105,7
вольво v50,7
диск5 100 56 1r16,7
r15 195 70,7
стиральная машина lg 2t5hg2s,7
плёнка для л аминирования а3,7
зимняя шина белшина 185 65r14,7
realme c11,7
игровой ноутбук asus tuf gaming f15 fx506lh hn002,7
защитное стекло vivo y53s,7
tlx 10w40 fe,7
6163402  грузовая шина белшина бел 310 10 00r20 146 143k нс16 ведущая,7
компрессор еланд винд 70 е2св,7
кофеварка polaris 3 в1,7
6331467  мебельный щит no brand кат  ab 40х1000х2000,7
летняя 175 65r14,7
шины r17 летние,7
175 65 h1482  бел357цена 80,7
стиральная машина lg steam f2j6ws0w,7
кабель utp 4x2 pe,7
картридж для hp laserjet pro m402,7
панели для мультипекарь м701 3,7
6518112  велосипед foxx atlantic 26 d 2021   26ahd atland 14or1  14  оранжевый ,7
ручка к пылесоса сакумсунг sc6572,7
205 55r16,7
швейная машина бпазерart siti202a,7
смартфон самсунг а127,7
6595240  наличник velldoris эмаль телескопический l 70x25x2200  белый ral 9003 ,7
ноутбук hp 15 dw1032ur  25s95ea ,7
mp3 sony,7
s5 max,7
eni 5w40,7
samsung s9,7
вафельница delonghi sw12c bk,7
vegas м1,7
6247499  бальзам для тела topicrem ад липидовосстанавливающий  2x500мл ,7
электрический духовой шкаф hansa boel68428,7
roborock s7,7
picooc mini v2,7
bosch dwk095g20r,7
лампа g9,7
xiaomi buds m8,7
signal h103,7
телевизор lg43um7650pla,7
бампер самсунг а22,7
блок питания pqlv219ce  6 5v  500 mah ,7
детские часы детские wonlex smart baby watch kt21,7
духовой шкаф bosch hij557yb0r,7
самсунг гелекси м11,7
моторное масло patron 10w40,7
стиральная машина bosch wha222xеbl,7
подгузники для6201108,7
электрошашлычницыэлектрогриль  scarlett  sc eg350e05,7
https   vk com wall444179280_1338,7
электрогриль delonghi cgh1012d sp,7
диски р14,7
картина декарт 8с0415,7
видеодомофон ctv dp1704 md,7
линолиум 3 5на3 5,7
ковер  2x3 ,7
huawei y9,7
газоэлектрическая плита гефест5502  03 0044,7
чехол а22,7
195 75r16,7
22 508 500x800,7
душевая система g2483,7
видео карта1650,7
стиральная машина lg f4v5vs0w,7
лампа uf 711c01 ultraflash,7
bosch bfl554mb0,7
xiaomi dem f600,7
увлажнитель воздуха xiaomi mijia air humidifier mjjsq02lx,7
haylou w1,7
робот пылесос ибото смарт с820,7
tab a7 sm t505,7
стиральная машина atlant сма 70с1010 00,7
пылесос lg v c3044rd,7
goodyear ultragrip ice 2 225 55r17,7
усилитель bbk av100,7
зимниешина uniroyal190 65r15c,7
игровые мышки a4tech,7
рмс sl121,7
bosch hbj517fb,7
watch c6,7
рукоятка к пылесосу сакумсунг sc6572,7
радиоуправляемый трагги remo hobby s evor 4wd rtr масштаб 1 16 2 4g   rh1661 red,7
i5 10400,7
системный блок hp 460 p236ur  5sz18ea ,7
goodyear ultragrip ice suv gen 1 225 60r17,7
bhd500 00,7
лампа h7,7
утюг philips gc4905 40,7
брызговик toyotaчехол на автомобиль тойота rav4,7
зимние шины 185 70r14,7
195 60r16,7
летняя шинаr15 185 65,7
hp i5,7
evolution bh503,7
беговел велосипед 2в1,7
poco x3 gt,7
lg ga b509sbum,7
шайба м6,7
epson l850,7
телевизор samsung ue32t4500auxru,7
картридж для hp laserjet p1606dn,7
redmond rt440,7
стилус hp envy x360,7
самсунг гэлакси а02,7
lg f1496ads3,7
обои 13вф4к элли фон 61,7
листы а3,7
угольныq фильтров e4cf01,7
a52s samsung,7
аккор3 4,7
ilife a10s,7
холодильник side by side lg gc b247smdc,7
samsung m52,7
royal clima sanremo bianco satinato  ruh s380 3 0m wt ,7
205 55r16 94t,7
стирально сушильная машина lg f2v5hg0w,7
235 45 r17,7
lg ga b459mmqm,7
hepa фильтр для пылесоса electrolux   philips  код оригинального набора efh12w fc8038  00802788,7
redmond m4515,7
бизнес ноутбук hp i7,7
redmond rmc m95,7
feron al500,7
7025134  дверь межкомнатная лайт 7 до 70x200  дуб шоколад стекло черный лак ,7
any cast m9 plus,7
шины авто зимние 205х55 r16,7
frotte l4,7
диван brioli пино п  j20 серый ,7
винчестер hdd2 тб,7
крючок для ванной ledeme l204 4,7
panteon t9,7
картридж для hp laserjet pro m402dn,7
моphilips hu5930ка воздуха,7
225 40 r18,7
полотенцесушитель водяной ростела свирель v 50x70 7,7
металлоискатель quest q20,7
huawei p40,7
376461  зимняя шина nokian nordman rs2 205 55r16 94r,7
папка а4,7
кухонные шкафы венге ш60,7
midea m7 pro,7
стеллаж  металлический белый 60x25x116 см ikea baggebo баггебо 404 838 74,7
https   www expertcen ru product samsung galaxy a01 core 1614648255 html,7
ga b459mmqm,7
bosh kgn39xw27r,7
купить телевизор самсунг смарт тв67см,7
65548859  игровой ноутбук asus rog strix g15 g513qm hf002,7
kivi 55u710kb,7
bosch mum58231,7
стеклянная дверь для бани сауны везувий 190x70,7
anycast m2 plus,7
roventa cv5361f0,7
6056230  морозильный ларь maunfeld mfl300w,7
дайсон в8,7
простыня натяжная 90х200,7
електролюкс ew6t4r602,7
ansgec mg5,7
matepad t10,7
термометр автомобильный rst n02180,7
dfc d7002,7
aral 5w30,7
lg 50nano766pa,7
утюги тефальfv5720eo,7
душевой уголок827,7
краскопульт eco sg 88h14,7
триммер philips mg7720,7
самсунг galaxi a32,7
samsung me88suw,7
feron al159,7
переключатель пс4,7
bloody v8,7
r16 215 55,7
hp pen envy x360,7
стиральная машина samsung ww10n64prbx lp,7
vesa 75x75,7
samsung rb36,7
бмв i8,7
колеса r14,7
масло моторное q8,7
портативная радиостанция motorola t82 extreme quad,7
bosch kgn39xc28r,7
bosch smv25fx02r,7
двигатель для пылесоса sc6573,7
data iphone13,7
vertex s110,7
achilles winter 101 x 185 70r14 88t,7
робот пылесос samsung vr05r5050wk ev подробнее  https   m sila by bt pylesosy samsung vr05r5050wkev utm_source viber utm_medium vsend utm_campaign bla,7
bosh wh22xebl,7
двуспальная кровать moon trade moon family 1240 к002980 trade 1240   к002982,7
телевизоры самсунг ae50au7540uxru,7
lg f2m5ws4w,7
смартфон samsung galaxy s20,7
зик 5w30,7
шкаф купе инфинити19,7
ansgec mg5 массажный пистолет,7
samsung hw a550,7
чехол на моторола е7 плюс,7
hu01k4698 22,7
шкаф пиник new m2 2х дверный,7
телевизоры самсунг ae50a0uxru,7
hbf554y or,7
картридж для hp laserjet p1102,7
hp 15s eq1,7
телефон panasonic kx tg6811rub,7
wonlex kt03,7
beko wdb7425r2w,7
ms61 b6170,7
gsmin wp7,6
homsair hiy43bk,6
dkgg80 120 set1,6
realmi c25,6
lg f1096td3,6
delonghi sw12c bk,6
h691a02 0112,6
ledeme l2433b,6
scarlett sc ah986m22,6
spayder k0117 graphite,6
samsung t7,6
холодильник lg doorcooling  ga b459smum,6
redmond rv ur379,6
bosch msm2650,6
ar ip502p 63 mz,6
духовой шкаф bosch hb554ybor,6
kivi 55u600kd,6
масло 10w30,6
galaxy a12,6
коляска farfello qe9,6
255 70 r16,6
vs15a6031r4 e,6
195 60r15 88t,6
двери st3,6
alcaplast м091,6
фильтр питьевой воды frap fr509 b,6
ekco l2m 18,6
шины зимние 225 70r15c,6
tab s7 fe,6
by wm4 pro k4,6
ibys 235 45r20,6
аквафильтр а5,6
samsung а22,6
bosch hbg536eb0r,6
galaxy tab a7,6
6 454 l93 ,6
aoc 24b2xhm2,6
a100  аквафор ,6
умные часы wonlex kt03,6
gigabyte m30,6
ель искусственная winter time 150   xcd05 529t,6
робот пылесос xiaomi mi robot vacuum mop stytj01zhm  международная версия ,6
dkmt74 set 74,6
patron pb75 615r,6
gremax winter gm608 205 60r16 92t,6
sm a127fzkvser,6
smart baby watch q19,6
215 65 r16,6
zebra zq510,6
dominado a6,6
смартфон blackview bv9900e,6
стабилизатор энергия hybrid   15 000 3 ii поколение е0101 0165,6
omnires y y1212,6
шины r1,6
245 70 r19 5,6
wolf garten s3800e,6
lg ga b509svum,6
8gb ddr4 kingston,6
braun mq3135bk,6
lego 10279 t2,6
bowers px7,6
indigo in106,6
диски r17,6
samsung a71,6
tefal tt164130,6
dub 1312 b1a,6
elac debut b5 2,6
ferro rondo np21,6
rimless ab0503,6
mag ch130,6
norman amg352,6
sc b1 czp w,6
0 601 9f8 109,6
xiaomi poco m3,6
led tcl 50c715,6
ковер 2х3,6
51506 bez1,6
philips gc524 60,6
veber 10х50,6
диски ps3,6
точечный светодиодный светильник 2205 mr16 mt матовый подробнее  https   elektrostandard by p71091233 tochechnyj svetodiodnyj svetilnik html,6
intro rty n33,6
sony bravia oled kd 55af8,6
braun is1014,6
huawei y5 lite,6
gilette mach3,6
vc2500 samsung,6
самсунг s20,6
е14 торкс,6
215 65r16,6
лампа т8 46 см,6
bosch kgn39uw27r,6
dewalt dt71517t,6
шины 245 45r18,6
245 40r18,6
logitech c270,6
вакуумного упаковщика vs0434 oursson,6
zalman zm ve350,6
fifine k669b,6
смартфон samsung galaxy m32 128gb,6
215 55r18,6
смартфон samsung galaxy m32,6
этк1 с,6
посудомоечная машина bosch smv25ex03r,6
колесо запасное r17,6
ksm26lq4 64hcm,6
eken h9r камера,6
пылесоса sc6573,6
philips qt4005 15,6
philips hc5100 15,6
galaxy line gl3062,6
наушники a4tech,6
delonghi ecam370 95 t,6
silanga bl1500 pro,6
intel core i5 10400f,6
philips ac3829 10,6
intel i5 8 8gb hdd,6
granfest smart gf sm430,6
b0030185 фонарик,6
58561 street nt21 000,6
asrock b450m pro4,6
scarlett sc hb42f65,6
gillette fusion5 power,6
asus f15,6
atlas a3503al 2bk,6
schaub lorenz slk iy6tc3,6
gefest 602 02 к93,6
wolf vitaltech 5w30,6
comfee cmg207e03s,6
panasonic kx tc1611ru,6
miru x96,6
samsung  ue50tu7500uxru,6
фен roventa cv7461f0,6
lg ultragear 32gn600 b,6
е14 галовка,6
pioneer deh x590bt,6
goodram iridium ddr4,6
opus challenger sd200fa,6
самсунг а03,6
мышь a4tech d 320,6
samsung ue43au7140uxru,6
samsung galaxy a50,6
матрас140 на 186,6
папка esselte a5,6
horizont 20mw800 1479bfs,6
intel core i7 2620m,6
deerma spray mop tb500,6
intel core i5 12600kf,6
gimento sle183702 04,6
samsung ue50au75700u,6
beko rcnk335e20vw ,6
specific dexos2 5w 30,6
horizont 20mw700 1378pkw,6
оливия 4449b6,6
scarlett sc gs135s11,6
ssd netac n535n 512gb,6
шины 225 50r17,6
овощи полемь5,6
panasonic mk g1800pwtq,6
maunfeld mff182nfb,6
ps4 move controller,6
audi a6,6
calani eco360 slim,6
easy9 2п 40а 400в,6
колёса 255 50 r20,6
candy csw4 365d 2 07,6
лампа g5t5 28w,6
edifier t5,6
tb x306x,6
lenovo tab p10,6
a data dashdrive uv150,6
sony mdr ex155,6
bosch bcs611,6
samsung ue50au75,6
коэнзим q10,6
samsung rb33a3240sa wt,6
lenovo tab p10 tb x705l,6
hw r630,6
a4tech hs60,6
mk2n3rk a,6
makita hp1640 680,6
casio a168,6
ford f150 raptor,6
galaxy gl line gl3062,6
poco m2,6
airfree a9,6
a400 dai,6
zebra zd421,6
samsung rb36t774fww wt,6
lg f1296td4,6
lg 50up75006lf,6
bosch mum58365,6
lg 65up78006lc,6
core i5 4200m,6
hansa boei68441,6
255 45r18,6
aeg bpk748380m,6
rb36t774fww wt,6
e02 s 290,6
sven зс460,6
s20 чехол,6
bosch smv4hmx3fr,6
шины 205 55 r16,6
255 65 r18,6
nitto sn2 winter,6
dreame bot l10 pro,6
hp1t p,6
заказ n102 941 549,6
gillett mach3,6
dell s2721ds,6
lg f1096mds0,6
aquanet logik c900,6
самсунг м21,6
fx200 decofix extra,6
дюбель 10 ч62,6
bosch hbj517fb0r,6
easy set 305x30,6
ginzzu vs415,6
ямаха с40,6
ал1   1 ,6
atlant 60у1214,6
bosch bel653mb3,6
samsung rb36t674f,6
mb mc64ha ,6
xiaomi kumi g03,6
moulinex dj9058,6
e27 gfnhy,6
veber бпшц 10х50,6
zercale f36w t8,6
panasonic g100,6
roborock s5 max,6
шины r15 185 60,6
casio cdp s100bk,6
r16  195 60,6
zet k180,6
poco x3 pr,6
bosch smv4hmx2fr,6
honor x15,6
атлн м513579,6
сп008 11 008 01 03,6
ga   b509sbum,6
ht s700rf,6
huawei y7,6
lg 24tn510s pz,6
dp200a 2123xbl gn,6
b1500ceae bq1906,6
лампа н4,6
ковер200 300см,6
dyson am09,6
philips hu5930,6
mhxh3ze a,6
r15 шины,6
yamaha f310,6
lg 55nano906pb,6
lg 50up78006lc,6
ipega pg9089,6
bosch mfq36480,6
vitek миксер3,6
oppo enco w51,6
gigabyte gm m6880,6
samsung rb33j3420sa wt,6
b1500ceae bq1904,6
mz v7s1t0bw,6
lg ai dd f2t5hg2s,6
джойстик ps4,6
250 70r15c,6
indesit зt117,6
lg 32lm6380plc,6
kfa2 rtx 2060 6 гб,6
redmond rb c515,6
durabit k2,6
лампа g9 osram,6
delonghi dlsc002,6
8gb ddr3 so dimm,6
622 02 в1,6
ekco mn3 04 06 08 pl,6
epson l3150,6